id;signup_date;house_id;fee;kind;cancelled_at;is_active;service_end_date;service_start_date;stripe_plan;stripe_subscription;proposal_id;ready_for_billing_migration
48;2015-03-23;162;130.00;m;;t;;2015-03-23;;;3278;f
714;2015-09-10;3472;35.00;w;2015-10-02 03:53:36.843979+00;f;;2015-10-02;;;264;f
724;2015-09-15;3613;34.00;b;;t;;2015-10-09;;;823;f
781;2015-09-30;3852;38.00;b;;t;;;;;;f
784;2015-09-30;3705;34.00;b;;t;;;;;;f
795;2015-10-02;3605;112.00;b;;t;;;;;1431;f
740;2015-09-21;3766;47.00;b;;t;;2015-10-13;;;363;f
743;2015-09-21;2548;34.00;b;;t;;2015-10-13;;;283;f
710;2015-10-03;3429;62.00;b;;t;;2015-09-30;;;3287;f
536;2015-08-02;2472;34.00;b;;t;;;"";"";379;f
222;2015-05-28;508;56.00;w;;t;;2015-06-30;;;981;f
295;2015-06-12;1372;35.00;b;2015-06-24 07:00:00+00;f;;2015-06-29;;;;f
303;2015-06-15;1391;29.00;b;2015-06-30 07:00:00+00;f;;2015-07-08;;;;f
354;2015-06-25;1545;34.00;b;2015-07-01 07:00:00+00;f;;2015-07-16;;;;f
261;2015-06-04;1052;32.00;b;2015-07-08 07:00:00+00;f;;2015-06-25;;;;f
353;2015-06-25;1728;31.00;b;2015-07-09 07:00:00+00;f;;;;;;f
264;2015-06-04;539;53.00;b;2015-07-21 07:00:00+00;f;;2015-06-22;;;;f
363;2015-06-26;1409;30.00;w;2015-07-07 07:00:00+00;f;;2015-07-13;;;;f
716;2015-09-10;2853;24.00;w;;t;;2015-09-23;;;1277;f
647;2015-08-27;1447;30.00;w;;t;;2015-09-07;;;1289;f
643;2015-08-26;2926;39.00;b;;t;;2015-09-16;;;1304;f
198;2015-05-22;541;32.00;b;;t;;2015-06-09;;;1192;f
590;2015-08-14;2314;41.00;w;;t;;2015-08-25;;;1032;f
199;2015-05-22;309;59.00;b;;t;;2015-06-18;;;1194;f
205;2015-05-25;509;53.00;b;;t;;2015-06-04;;;1203;f
683;2015-09-01;620;39.00;b;;t;;2015-09-03;;;1066;f
228;2015-05-29;606;29.00;b;;t;;2015-06-09;;;1219;f
207;2015-05-25;628;22.00;w;;t;;2015-06-25;;;1036;f
713;2015-09-10;3445;34.00;b;;t;;2015-09-23;;;1071;f
634;2015-08-25;2399;46.00;b;;t;;2015-09-15;;;1309;f
657;2015-08-29;1504;33.00;w;;t;;2015-09-10;;;375;f
769;2015-09-28;1774;39.00;b;;t;;;;;389;f
624;2015-08-23;1388;24.00;w;;t;;2015-09-09;;;1037;f
418;2015-07-06;1905;25.00;w;;t;;2015-09-03;;;1243;f
731;2015-09-16;404;19.25;w;;t;;2015-09-24;;;1042;f
208;2015-05-25;440;40.00;b;;t;;2015-06-12;;;1140;f
614;2015-08-20;2259;50.00;b;;t;;2015-09-08;;;1326;f
673;2015-08-31;1776;48.00;b;;t;;2015-09-22;;;1062;f
225;2015-05-28;593;45.00;b;;t;;2015-06-19;;;1158;f
688;2015-09-01;2203;130.00;b;;t;;2015-09-23;;;1334;f
234;2015-05-29;627;38.00;b;;t;;2015-06-15;;;1165;f
757;2015-09-24;2734;24.00;w;;t;;;;;405;f
219;2015-05-27;521;36.00;w;;t;;2015-06-15;;;1340;f
580;2015-08-12;2523;41.00;b;;t;;2015-08-26;;;424;f
678;2015-08-31;3049;24.00;w;2015-09-16 00:36:34.627371+00;f;;;;;;f
414;2015-07-04;1724;29.00;b;2015-09-16 01:34:22.461912+00;f;;2015-07-22;;;;f
455;2015-07-11;2116;44.00;b;;t;;2015-08-07;;;434;f
668;2015-08-31;1364;35.00;b;;t;;2015-09-14;;;447;f
597;2015-08-17;2535;34.00;b;;t;;2015-09-02;;;483;f
213;2015-05-26;922;32.00;b;;t;;2015-06-05;;;1172;f
775;2015-09-29;3447;50.00;b;;t;;;;;542;f
335;2015-06-22;893;61.00;b;;t;;2015-07-03;;;613;f
201;2015-05-22;992;37.00;b;;t;;2015-06-05;;;635;f
224;2015-05-28;621;25.00;w;;t;;2015-06-17;;;642;f
385;2015-06-29;653;33.00;b;2015-09-02 19:53:34+00;f;;2015-07-17;"";"";;f
440;2015-07-09;1515;31.00;b;2015-08-21 20:11:13+00;f;;2015-07-24;"";"";;f
544;2015-08-04;1733;116.00;b;2015-09-19 04:42:19+00;f;;2015-08-26;"";"";;f
639;2015-08-26;3110;34.00;b;2015-09-22 20:56:05+00;f;;2015-09-16;"";"";;f
383;2015-08-13;1855;35.00;b;;t;;;"";"";707;f
582;2015-08-12;2828;40.00;b;2015-08-16 15:33:36+00;f;;;"";"";;f
309;2015-06-17;1481;29.00;b;;t;;2015-07-07;;;726;f
216;2015-05-27;574;26.00;w;;t;;2015-06-10;;;727;f
754;2015-09-23;1316;44.00;w;;t;;2015-10-06;;;5;f
778;2015-09-30;3776;34.00;b;;t;;;;;7;f
360;2015-06-25;774;35.00;w;;t;;2015-07-16;;;47;f
609;2015-08-20;2784;34.00;b;;t;;2015-09-22;;;152;f
662;2015-08-30;3116;38.00;b;;t;;;;;188;f
696;2015-09-03;2278;34.00;b;;t;;2015-09-30;;;200;f
768;2015-09-28;3817;27.00;w;;t;;;;;205;f
760;2015-09-25;3787;34.00;b;;t;;;;;216;f
619;2015-08-21;2760;34.00;b;;t;;2015-09-14;;;238;f
596;2015-08-16;2595;51.00;w;;t;;2015-09-08;;;239;f
479;2015-07-16;1112;30.00;b;;t;;2015-07-27;;;281;f
703;2015-09-08;3373;65.00;b;;t;;2015-10-02;;;285;f
69;2015-04-06;208;225.00;m;;t;;2015-04-07;;;318;f
629;2015-08-24;1497;34.00;b;;t;;2015-09-03;;;325;f
749;2015-09-22;3517;41.00;b;;t;;;;;326;f
396;2015-07-01;802;29.00;w;;t;;2015-07-14;;;335;f
734;2015-09-17;2847;39.00;b;;t;;2015-09-30;;;344;f
652;2015-08-28;2989;38.00;b;;t;;2015-09-15;;;356;f
726;2015-09-15;2120;57.00;b;;t;;2015-10-08;;;766;f
484;2015-07-19;1969;40.00;w;;t;;2015-08-17;;;769;f
699;2015-09-05;3385;42.00;b;;t;;;"";"";791;f
746;2015-09-22;3757;34.00;b;;t;;;;;816;f
719;2015-09-12;3144;42.00;b;;t;;2015-09-29;;;817;f
706;2015-09-08;3428;34.00;b;;t;;;;;856;f
601;2015-08-17;1483;46.00;b;;t;;2015-08-26;;;870;f
773;2015-09-29;3838;34.00;b;;t;;;;;884;f
606;2015-08-18;2512;24.00;w;;t;;2015-09-08;;;885;f
416;2015-07-04;1136;56.00;w;;t;;2015-07-22;;;887;f
430;2015-07-07;1693;34.00;b;;t;;2015-07-14;;;888;f
557;2015-08-06;2486;34.00;b;;t;;2015-08-25;;;895;f
591;2015-08-14;2861;34.00;b;;t;;2015-08-31;;;900;f
392;2015-06-30;1328;42.00;b;;t;;2015-07-02;;;905;f
317;2015-06-18;676;50.00;w;;t;;2015-07-17;;;909;f
131;2015-04-27;284;54.00;m;;t;;2015-05-12;;;934;f
384;2015-06-29;1820;28.00;w;;t;;2015-07-24;;;940;f
246;2015-06-01;698;80.00;b;;t;;2015-06-15;;;953;f
49;2015-03-27;163;90.00;m;;t;;2015-03-25;;;955;f
782;2015-09-30;3541;35.00;b;;t;;;;;;f
785;2015-09-30;3778;34.00;b;;t;;;;;;f
747;2015-09-22;3448;34.00;b;;t;;2015-10-13;;;300;f
310;2015-06-17;853;119.00;w;2015-08-21 18:59:54.578412+00;f;;;;;;f
318;2015-06-18;300;78.00;m;;t;;2015-07-01;;;1115;f
744;2015-09-21;2866;34.00;b;;t;;2015-10-12;;;2641;f
30;2015-02-20;30;180.00;m;2015-03-16 07:00:00+00;f;;2015-02-20;;;;f
55;2015-03-20;186;95.00;m;2015-06-04 07:00:00+00;f;;2015-03-20;;;;f
247;2015-06-02;725;35.00;w;2015-06-17 07:00:00+00;f;;2015-06-18;;;;f
752;2015-09-23;3145;45.00;b;;t;;2015-10-06;;;862;f
235;2015-05-29;403;49.00;b;2015-06-19 07:00:00+00;f;;2015-06-15;;;;f
256;2015-06-03;542;38.00;b;2015-06-24 07:00:00+00;f;;2015-06-16;;;;f
469;2015-07-13;818;66.00;b;;t;;2015-07-31;"";"";918;f
737;2015-09-18;3683;34.00;b;;t;;2015-10-08;;;760;f
763;2015-09-26;3672;34.00;b;;t;;2015-10-16;"";"";871;f
50;2015-03-27;164;130.00;m;2015-07-17 07:00:00+00;f;;2015-03-27;;;;f
113;2015-04-23;306;527.00;m;;t;;2015-05-01;;;1121;f
270;2015-06-07;1354;41.00;b;;t;;2015-06-15;;;1216;f
59;2015-03-23;197;120.00;m;;t;;2015-03-31;;;1217;f
766;2015-09-28;3836;34.00;b;;t;;;;;882;f
602;2015-08-18;1298;24.00;w;;t;;2015-08-24;;;922;f
294;2015-06-19;724;42.00;b;;t;;2015-07-03;;;1226;f
266;2015-06-04;1287;73.00;w;;t;;2015-07-07;;;1264;f
319;2015-09-01;1589;36.00;b;;t;;2015-08-05;;;1227;f
284;2015-06-10;836;31.00;b;2015-07-14 07:00:00+00;f;;2015-06-30;;;;f
722;2015-09-14;3629;34.00;b;;t;;2015-09-28;;;1278;f
116;2015-04-23;236;88.00;m;;t;;2015-05-05;;;957;f
5;2015-02-05;5;110.00;m;;t;;;;;;f
1;2015-01-01;1;1.00;m;;t;;;;;;f
83;2015-04-03;79;90.00;m;;t;;2015-05-04;;;1125;f
720;2015-09-13;3616;34.00;b;;t;;2015-09-28;;;1274;f
93;2015-04-13;97;173.00;m;;t;;2015-05-12;;;1136;f
17;2015-03-01;17;1.00;m;;t;;;;;;f
175;2015-05-12;433;39.00;w;;t;;2015-06-04;;;1142;f
625;2015-08-23;2840;67.00;b;;t;;2015-09-04;;;1269;f
103;2015-04-27;429;47.00;b;;t;;2015-04-27;;;1151;f
423;2015-07-06;1965;43.00;b;;t;;2015-07-20;;;958;f
262;2015-06-04;658;39.00;b;;t;;2015-06-30;;;1153;f
190;2015-05-19;449;38.00;b;;t;;2015-06-08;;;1235;f
499;2015-07-23;2408;51.00;b;2015-09-08 18:27:39.772868+00;f;;;;;;f
345;2015-07-14;568;19.00;w;;t;;2015-08-07;;;1159;f
35;2015-03-09;35;140.00;m;;t;;;;;;f
258;2015-06-04;690;70.00;b;;t;;2015-06-19;;;1167;f
279;2015-06-08;854;28.00;b;;t;;2015-07-01;;;1179;f
297;2015-06-15;846;49.00;w;;t;;2015-06-29;;;1182;f
202;2015-05-22;765;34.00;b;;t;;2015-06-03;;;1184;f
44;2015-03-25;44;90.00;m;;t;;;;;;f
482;2015-07-18;2237;78.00;b;;t;;2015-08-12;;;969;f
226;2015-05-28;547;33.00;b;;t;;2015-06-15;;;1201;f
689;2015-09-02;2765;34.00;b;2015-09-15 21:52:31.265294+00;f;;;;;;f
663;2015-08-30;3161;36.00;b;2015-09-16 00:05:40.869352+00;f;;2015-09-14;;;;f
679;2015-09-01;936;86.00;b;;t;;;;;1311;f
244;2015-05-31;523;73.00;w;;f;;;;;;f
42;2015-03-13;42;80.00;m;;t;;2015-03-13;;;982;f
411;2015-07-16;1509;30.00;b;;t;;2015-07-14;;;985;f
615;2015-08-20;2733;34.00;b;;t;;2015-09-14;;;1003;f
640;2015-08-26;1821;34.00;b;;t;;2015-09-14;;;1011;f
674;2015-08-31;3061;39.00;b;;t;;2015-09-23;;;1300;f
630;2015-08-24;1668;24.00;w;;t;;2015-09-18;"";"";1012;f
372;2015-08-19;1472;46.00;b;;t;;2015-07-23;;;1014;f
610;2015-08-20;2694;41.00;b;;t;;2015-09-18;;;1015;f
669;2015-08-31;2862;28.00;w;;t;;2015-09-15;;;1018;f
419;2015-07-06;1845;33.00;b;;t;;2015-07-31;;;1021;f
543;2015-08-04;622;42.00;b;;t;;2015-08-24;;;1023;f
533;2015-07-31;2275;34.00;b;;t;;2015-08-27;;;1033;f
700;2015-09-07;3443;25.00;w;;t;;2015-09-24;;;115;f
727;2015-09-15;2725;51.00;b;;t;;2015-09-29;;;191;f
684;2015-09-01;938;23.00;b;;t;;2015-09-18;;;192;f
758;2015-09-24;2913;44.00;w;;t;;2015-10-08;;;203;f
729;2015-09-16;939;35.00;w;;t;;2015-10-08;;;204;f
774;2015-09-29;3792;64.00;b;;t;;;;;209;f
764;2015-09-27;3785;24.00;w;;t;;;;;236;f
735;2015-09-18;3684;24.00;w;;t;;2015-10-07;;;265;f
732;2015-09-17;3551;34.00;b;;t;;2015-10-01;;;294;f
770;2015-09-28;2980;34.00;b;;t;;;;;298;f
776;2015-09-29;3849;36.00;w;;t;;;;;324;f
750;2015-09-22;3009;37.00;b;;t;;;;;355;f
738;2015-09-20;1248;34.00;b;;t;;2015-10-08;"";"";376;f
771;2015-09-28;3353;58.00;b;;t;;;;;436;f
755;2015-09-23;2055;31.00;b;;t;;;;;437;f
658;2015-08-29;2705;42.00;b;;t;;2015-10-05;;;491;f
54;2015-05-04;185;110.00;m;;t;;2015-05-04;;;522;f
761;2015-09-25;3250;35.00;b;;t;;;;;590;f
22;2015-03-06;22;160.00;m;;t;;;;;708;f
653;2015-08-28;3134;34.00;b;;t;;2015-09-29;;;795;f
644;2015-08-26;2899;34.00;b;;t;;2015-10-15;;;797;f
779;2015-09-30;3168;34.00;b;;t;;;;;799;f
711;2015-09-09;3097;42.00;w;;t;;2015-09-29;;;800;f
717;2015-09-10;2654;31.00;w;;t;;;;;861;f
403;2015-07-02;1940;31.00;b;;t;;2015-07-15;;;1035;f
143;2015-04-30;576;23.00;w;;t;;2015-05-12;;;1040;f
637;2015-09-25;222;34.00;w;;t;;2015-09-09;;;1388;f
12;2015-02-05;12;110.00;m;;t;;2015-02-05;;;1043;f
671;2015-08-31;2032;54.00;w;;t;;2015-09-16;;;1048;f
707;2015-09-08;1484;27.00;w;;t;;2015-09-21;;;1049;f
14;2015-02-13;14;110.00;m;;t;;2015-02-13;;;1060;f
648;2015-08-27;3090;65.00;b;;t;;2015-09-16;;;1067;f
508;2015-07-24;2139;30.00;b;;t;;2015-08-11;;;1069;f
531;2015-07-30;2196;38.00;b;;t;;2015-08-19;;;1074;f
599;2015-08-17;2326;25.00;w;;t;;2015-08-31;;;1078;f
620;2015-08-22;692;38.00;b;;t;;2015-08-31;;;1080;f
572;2015-08-10;811;34.00;w;;t;;2015-08-26;;;1086;f
124;2015-04-26;137;88.00;m;;t;;2015-05-08;;;1088;f
635;2015-08-25;2663;79.00;w;;t;;2015-09-08;;;1089;f
74;2015-03-31;224;94.00;m;;t;;2015-04-20;;;1101;f
63;2015-03-25;201;80.00;m;;t;;2015-04-07;;;1106;f
46;2015-04-03;160;100.00;m;;t;;2015-04-02;;;1107;f
221;2015-05-28;435;32.00;w;;t;;2015-06-09;;;1202;f
302;2015-06-15;1301;35.00;w;;t;;2015-07-02;;;1211;f
287;2015-06-10;1293;29.00;w;;t;;2015-07-03;;;1212;f
322;2015-06-19;1518;31.00;b;;t;;2015-09-11;;;1244;f
91;2015-04-13;210;169.00;m;;t;;2015-05-12;;;1249;f
32;2015-03-17;32;140.00;m;;t;;2015-03-31;;;1250;f
488;2015-07-20;1110;29.00;b;;t;;2015-08-05;;;1260;f
304;2015-06-15;378;46.00;b;;t;;2015-07-07;;;1263;f
632;2015-08-25;2992;43.00;b;;t;;2015-09-08;;;1282;f
314;2015-06-17;1310;39.00;b;;t;;2015-06-26;;;1314;f
4;2014-12-01;4;140.00;m;;t;;2014-12-01;;;1378;f
741;2015-09-21;3710;34.00;b;;t;;;;;3274;f
767;2015-09-28;3770;35.00;b;;t;;;;;;f
783;2015-09-30;3823;24.00;w;;t;;;;;;f
718;2015-09-11;3060;34.00;b;;t;;2015-10-01;;;3283;f
712;2015-09-09;3186;55.00;b;2015-09-29 01:24:18+00;f;;2015-10-06;"";"";327;f
496;2015-07-23;2256;30.00;w;2015-10-01 02:19:50+00;f;;2015-08-04;"";"";984;f
759;2015-09-24;2182;80.00;b;;t;;2015-10-13;;;435;f
142;2015-04-30;188;80.00;m;;f;;;;;;f
118;2015-04-23;264;101.00;m;;f;;;;;;f
164;2015-05-08;437;30.00;b;;t;;2015-05-20;;;951;f
664;2015-08-31;3143;34.00;b;;t;;2015-09-16;;;1301;f
161;2015-05-07;479;40.00;m;2015-05-23 07:00:00+00;f;;2015-05-18;;;;f
193;2015-05-20;529;106.00;m;2015-06-01 07:00:00+00;f;;2015-06-08;;;;f
169;2015-05-11;781;124.00;m;2015-06-16 07:00:00+00;f;;2015-05-29;;;;f
251;2015-06-02;558;35.00;w;2015-06-23 07:00:00+00;f;;;;;;f
163;2015-05-08;419;88.00;m;2015-06-18 07:00:00+00;f;;2015-05-18;;;;f
138;2015-04-29;460;64.00;m;2015-06-25 07:00:00+00;f;;2015-05-05;;;;f
119;2015-04-23;116;117.00;m;2015-06-30 07:00:00+00;f;;2015-05-11;;;;f
195;2015-05-20;862;54.00;b;2015-07-30 07:00:00+00;f;;2015-06-09;;;;f
29;2015-03-12;29;110.00;m;2015-08-10 19:53:35+00;f;;2015-03-12;"";"";;f
181;2015-05-15;520;37.00;b;2015-08-25 07:00:00+00;f;;2015-06-02;;;;f
180;2015-05-15;498;39.00;b;;t;;2015-07-03;;;1147;f
177;2015-05-15;313;85.00;m;;t;;2015-06-02;;;1126;f
123;2015-04-25;73;136.00;m;;t;;2015-05-08;;;1365;f
144;2015-04-30;260;86.00;m;;t;;2015-05-08;;;1373;f
206;2015-05-25;510;21.00;w;;t;;2015-06-18;;;949;f
742;2015-09-21;3732;38.00;b;;t;;;;;2639;f
631;2015-08-25;2997;28.00;w;;t;;2015-09-11;;;1276;f
129;2015-04-27;382;84.00;m;;t;;2015-05-11;;;943;f
186;2015-05-18;354;58.00;b;;t;;2015-06-11;;;1196;f
675;2015-08-31;3101;35.00;b;;t;;2015-09-21;;;1016;f
361;2015-06-25;995;29.00;w;;t;;2015-07-09;;;1332;f
636;2015-08-25;2364;50.00;w;;t;;2015-09-10;;;1083;f
704;2015-09-08;3531;24.00;w;;t;;2015-09-29;;;353;f
171;2015-05-11;483;16.00;w;;t;;2015-06-03;;;1145;f
100;2015-04-18;415;104.00;m;;t;;2015-05-04;;;965;f
242;2015-05-31;697;37.00;b;;t;;2015-06-11;;;1161;f
192;2015-05-20;566;51.00;w;;t;;2015-06-01;;;1130;f
109;2015-04-21;275;172.00;m;;t;;2015-05-15;;;1252;f
212;2015-05-25;694;44.00;w;;t;;2015-06-19;;;1238;f
473;2015-07-15;1597;100.00;m;;t;;2015-08-10;;;;f
156;2015-05-07;355;41.00;b;;t;;2015-05-22;;;1253;f
203;2015-05-22;841;30.00;b;;t;;2015-06-12;;;1200;f
165;2015-05-08;647;26.00;b;;t;;2015-05-18;;;1168;f
178;2015-05-15;333;30.00;b;;t;;2015-06-05;;;1246;f
260;2015-06-04;616;61.00;b;;t;;2015-06-29;;;1204;f
751;2015-09-23;3669;34.00;b;;t;;;;;759;f
179;2015-05-15;452;59.00;b;;t;;2015-06-04;;;1143;f
188;2015-05-19;456;30.00;w;;t;;2015-06-11;;;1141;f
209;2015-05-25;611;38.00;b;2015-06-22 07:00:00+00;f;;2015-06-10;;;;f
191;2015-05-19;464;29.00;b;;t;;2015-06-10;;;1132;f
257;2015-06-03;767;22.00;b;2015-06-17 07:00:00+00;f;;2015-06-26;;;;f
616;2015-08-21;2783;59.00;b;;t;;2015-09-30;;;284;f
670;2015-08-31;2034;38.00;b;;t;;2015-09-15;;;1051;f
200;2015-05-22;421;34.00;b;;t;;2015-06-09;;;1124;f
189;2015-05-19;395;76.00;b;;t;;2015-06-04;;;1199;f
725;2015-09-15;3214;24.00;w;;t;;2015-09-28;;;1063;f
218;2015-05-27;635;45.00;b;;t;;2015-09-04;;;1058;f
553;2015-08-06;2352;40.00;b;2015-08-27 18:14:40+00;f;;2015-08-17;;;;f
67;2015-03-26;206;180.00;m;;t;;2015-04-09;;;1090;f
621;2015-08-22;2167;34.00;b;;t;;2015-09-16;;;1286;f
125;2015-04-27;158;60.00;m;2015-05-20 07:00:00+00;f;;2015-05-13;;;;f
748;2015-09-22;1594;28.00;w;;t;;;;;234;f
730;2015-09-16;3242;41.00;b;;t;;2015-10-02;;;337;f
101;2015-04-20;428;116.00;m;;t;;2015-04-27;;;332;f
659;2015-08-29;2942;27.00;w;;t;;2015-09-14;;;1290;f
183;2015-05-18;101;16.00;w;;t;;2015-06-11;;;1096;f
626;2015-08-24;1025;34.00;b;2015-09-11 03:23:27+00;f;;2015-09-15;;;;f
136;2015-04-29;356;82.00;m;;t;;2015-06-02;;;368;f
680;2015-09-01;3055;34.00;b;;t;;;;;212;f
736;2015-09-18;3723;41.00;w;;t;;2015-09-24;;;1297;f
607;2015-08-19;1191;29.00;b;;t;;2015-08-25;;;1024;f
690;2015-09-02;1032;34.00;b;;t;;2015-10-01;;;361;f
733;2015-09-17;720;40.00;b;;t;;2015-09-29;;;1293;f
227;2015-05-28;674;50.00;b;;t;;2015-06-19;;;1313;f
739;2015-09-20;2658;44.00;b;;t;;;;;541;f
149;2015-06-01;390;36.00;w;;t;;2015-07-01;;;1076;f
167;2015-05-11;533;50.00;w;2015-09-07 18:46:58+00;f;;2015-06-04;"";"";;f
147;2015-04-30;176;0.00;b;;t;;2015-07-01;;;336;f
160;2015-05-07;490;152.00;m;;t;;2015-05-19;;;931;f
649;2015-08-28;2496;34.00;b;;t;;2015-09-18;;;1296;f
685;2015-09-01;3193;34.00;b;;t;;2015-09-25;;;1299;f
715;2015-09-10;1231;38.00;b;;t;;2015-09-30;;;369;f
356;2015-06-25;691;29.00;b;;t;;2015-06-29;;;1315;f
772;2015-09-29;3247;51.00;b;;t;;;;;3;f
215;2015-05-27;645;32.00;b;;t;;2015-06-10;;;596;f
406;2015-07-02;900;128.00;b;2015-08-22 07:00:00+00;f;;2015-07-27;"";"";;f
780;2015-09-30;3774;49.00;b;;t;;;;;6;f
728;2015-09-15;3528;34.00;b;2015-09-30 03:27:30.489833+00;f;;2015-09-30;;;;f
611;2015-08-20;2744;34.00;b;2015-09-16 19:35:11+00;f;;2015-09-14;"";"";;f
765;2015-09-27;3773;44.00;b;;t;;;;;22;f
786;2015-10-01;2865;47.00;b;;t;;;;;150;f
777;2015-09-29;3486;37.00;b;;t;;;;;185;f
654;2015-08-28;135;45.00;w;;t;;2015-09-30;;;201;f
693;2015-09-02;2303;34.00;b;;t;;;;;202;f
645;2015-08-27;2669;31.00;w;;t;;2015-09-15;;;214;f
701;2015-09-08;3493;25.00;w;;t;;2015-09-29;;;222;f
603;2015-08-18;1930;34.00;b;;t;;2015-08-26;;;272;f
135;2015-04-29;370;60.00;m;;t;;2015-05-19;;;322;f
756;2015-09-23;3641;45.00;b;;t;;;;;741;f
721;2015-09-14;3565;24.00;w;;t;;;;;814;f
762;2015-09-26;3747;24.00;w;;t;;;;;819;f
708;2015-09-09;1893;29.00;b;;t;;;;;832;f
723;2015-09-14;649;85.00;b;;t;;2015-09-29;;;860;f
456;2015-07-11;1546;74.00;b;;t;;2015-07-31;;;950;f
505;2015-07-24;2409;36.00;b;;t;;2015-08-12;;;1341;f
51;2015-04-07;181;80.00;m;;t;;2015-04-07;;;1347;f
153;2015-05-05;424;91.00;b;;t;;2015-05-20;;;1349;f
121;2015-04-25;337;92.00;m;;t;;2015-05-08;;;1351;f
337;2015-06-22;1665;29.00;b;;t;;2015-07-17;;;1352;f
694;2015-09-03;3288;39.00;b;2015-09-23 07:00:00+00;f;;2015-09-29;"";"";;f
608;2015-10-01;1275;57.00;w;;t;;2015-08-31;;;3275;f
593;2015-08-15;1556;32.00;b;;t;;2015-09-16;"";"";906;f
793;2015-10-02;3873;69.00;b;;t;;;;;3280;f
25;2015-03-10;25;130.00;m;2015-08-21 18:27:26.57019+00;f;;2015-03-03;;;;f
291;2015-06-11;801;24.00;w;2015-07-22 07:00:00+00;f;;2015-06-24;;;;f
495;2015-07-22;2244;25.00;w;2015-08-03 07:00:00+00;f;;;;;;f
540;2015-08-03;1864;68.00;b;;t;;2015-09-03;;;1273;f
28;2015-03-02;28;120.00;m;;t;;2015-03-02;;;974;f
650;2015-08-28;2752;38.00;w;;t;;2015-09-16;;;1302;f
31;2015-03-11;31;90.00;m;;t;;2015-03-11;;;1094;f
546;2015-08-04;2011;29.00;b;;t;;;;;1310;f
549;2015-08-05;966;53.00;b;;t;;2015-08-25;;;1387;f
571;2015-08-10;2779;30.00;w;;t;;2015-09-03;;;1268;f
562;2015-08-07;1345;44.00;b;;t;;2015-08-25;;;385;f
507;2015-07-24;2281;25.00;w;;t;;2015-08-19;;;972;f
20;2015-02-18;20;135.00;m;;t;;2015-02-18;;;1230;f
564;2015-08-08;1577;29.00;b;;t;;;;;263;f
194;2015-05-20;518;53.00;b;;t;;2015-06-09;"";"";1128;f
555;2015-08-06;2667;34.00;b;;t;;2015-08-25;;;490;f
525;2015-07-29;2339;36.00;b;;t;;2015-09-01;;;1082;f
686;2015-09-01;3257;34.00;b;;t;;;;;798;f
513;2015-07-27;2146;24.00;w;;t;;2015-09-14;;;1084;f
514;2015-07-27;1382;29.00;w;;t;;2015-08-19;;;1384;f
308;2015-06-16;809;41.00;b;;t;;2015-06-30;;;927;f
111;2015-04-22;384;250.00;m;;t;;2015-05-04;;;;f
578;2015-08-11;1154;93.00;b;;t;;2015-08-25;;;1283;f
567;2015-08-09;2091;34.00;b;;t;;2015-08-24;;;25;f
558;2015-08-07;1070;43.00;w;;t;;2015-08-27;;;875;f
13;2015-01-30;13;140.00;m;;t;;2015-01-30;;;;f
21;2015-02-27;21;335.00;m;;t;;2015-02-27;;;;f
542;2015-08-03;1109;45.00;b;;t;;2015-09-10;;;1270;f
584;2015-08-12;2514;34.00;b;;t;;2015-08-31;;;947;f
570;2015-08-10;1297;37.00;b;2015-09-01 16:04:45.473963+00;f;;;;;;f
545;2015-08-19;2557;35.00;b;;t;;2015-08-27;;;1281;f
566;2015-08-08;2743;38.00;b;;t;;2015-09-04;;;1397;f
26;2015-03-03;26;180.00;m;;t;;2015-03-03;;;503;f
573;2015-08-11;2144;29.00;b;;t;;2015-08-27;;;1034;f
535;2015-09-01;2220;76.00;w;;t;;2015-09-11;;;904;f
537;2015-08-02;1381;57.00;b;;t;;2015-08-25;;;894;f
559;2015-08-07;2431;43.00;b;;t;;2015-08-31;;;403;f
697;2015-09-05;1267;38.00;w;;t;;2015-10-01;;;372;f
569;2015-08-10;2626;34.00;b;;t;;2015-08-26;;;896;f
539;2015-08-03;1993;44.00;w;;t;;2015-08-19;;;1031;f
503;2015-07-23;2307;40.00;b;;t;;2015-08-26;;;1308;f
655;2015-08-28;2841;43.00;b;;t;;2015-09-25;;;46;f
594;2015-08-15;2334;35.00;b;;t;;2015-09-16;;;1329;f
511;2015-07-27;1065;40.00;w;;t;;2015-08-19;;;481;f
665;2015-08-31;1185;40.00;w;;t;;2015-09-14;;;1050;f
532;2015-07-31;2551;56.00;b;;t;;2015-08-18;;;1382;f
575;2015-08-11;2158;46.00;b;2015-08-29 07:00:00+00;f;;2015-08-24;"";"";;f
565;2015-08-08;2404;37.00;b;;t;;2015-08-27;;;898;f
528;2015-07-29;1332;42.00;b;;t;;2015-08-17;;;382;f
576;2015-08-11;2105;24.00;w;;t;;2015-08-25;;;1057;f
585;2015-08-13;2192;55.00;b;;t;;2015-09-07;;;1025;f
554;2015-08-06;2668;37.00;b;;t;;2015-08-24;;;1396;f
583;2015-08-12;1359;33.00;w;;t;;2015-08-19;;;892;f
581;2015-08-12;2822;37.00;b;;t;;2015-09-03;;;391;f
9;2015-01-29;9;100.00;m;;t;;2015-01-29;;;423;f
617;2015-08-21;920;35.00;w;;t;;2015-09-03;;;1047;f
586;2015-09-05;1477;152.00;b;;t;;2015-08-24;;;1400;f
541;2015-08-03;1138;30.00;w;;t;;2015-08-28;;;899;f
6;2015-01-20;6;120.00;m;;t;;2015-01-20;;;1097;f
577;2015-08-11;1758;24.00;w;;t;;2015-08-24;;;1271;f
550;2015-08-05;1182;56.00;b;;t;;2015-08-19;;;903;f
622;2015-08-22;3015;38.00;b;;t;;2015-09-15;;;1284;f
604;2015-08-18;2297;34.00;b;;t;;2015-09-03;;;1079;f
600;2015-08-17;352;34.00;w;;t;;2015-08-27;;;1038;f
556;2015-08-06;1667;32.00;b;;t;;2015-08-26;;;400;f
551;2015-08-05;1755;37.00;b;;t;;2015-08-24;;;893;f
500;2015-07-23;2421;34.00;b;;t;;2015-08-19;;;971;f
592;2015-08-15;2857;38.00;b;2015-08-25 17:43:27+00;f;;;"";"";;f
561;2015-08-07;2457;40.00;b;;t;;2015-08-19;;;1030;f
691;2015-09-02;3268;53.00;b;;t;;;;;1335;f
10;2015-01-28;10;85.00;m;;t;;2015-01-28;;;1041;f
518;2015-07-28;1647;29.00;b;;t;;2015-08-19;;;920;f
588;2015-08-14;2638;34.00;b;;t;;2015-09-01;;;1039;f
516;2015-07-28;2396;50.00;b;;t;;2015-08-25;;;1081;f
8;2015-01-07;8;150.00;m;;t;;2015-01-07;;;986;f
534;2015-09-02;2481;39.00;b;;t;;2015-10-02;;;1287;f
646;2015-08-27;3129;37.00;b;;t;;2015-09-16;;;1303;f
547;2015-08-04;2005;60.00;b;;t;;2015-08-25;;;1056;f
521;2015-07-28;937;46.00;b;;t;;2015-08-25;;;602;f
641;2015-08-26;3108;39.00;b;;t;;2015-09-14;;;286;f
595;2015-08-16;2854;34.00;b;2015-08-31 17:08:11+00;f;;2015-09-01;;;;f
589;2015-08-14;1561;33.00;b;2015-09-16 16:58:18+00;f;;2015-09-02;"";"";;f
538;2015-08-03;2435;34.00;b;;t;;2015-08-21;;;1085;f
587;2015-08-14;2393;34.00;b;;t;;2015-08-31;;;1330;f
660;2015-08-29;1489;29.00;b;;t;;2015-09-15;;;1305;f
560;2015-08-07;2374;34.00;b;;t;;2015-08-25;;;1307;f
568;2015-08-09;1295;24.00;w;;t;;2015-08-19;;;1327;f
681;2015-09-01;3281;32.00;w;;t;;2015-09-25;;;48;f
552;2015-08-06;2329;50.00;b;;t;;2015-08-20;;;304;f
598;2015-08-17;1329;50.00;b;;t;;2015-09-04;;;1348;f
520;2015-07-28;910;43.00;b;;t;;2015-08-31;;;237;f
530;2015-07-30;1335;55.00;b;;t;;;;;830;f
19;2015-02-20;19;120.00;m;;t;;2015-02-16;;;1001;f
579;2015-08-12;1326;51.00;w;2015-09-02 16:05:56+00;f;;2015-08-25;"";"";;f
676;2015-08-31;2960;40.00;b;;t;;;;;857;f
574;2015-08-11;1673;56.00;b;;t;;2015-08-25;;;869;f
7;2015-01-16;7;140.00;m;;t;;2015-01-16;;;1006;f
47;2015-03-13;161;140.00;m;;t;;2015-03-13;;;1013;f
16;2015-02-12;16;110.00;m;;t;;2015-02-12;;;1044;f
563;2015-08-08;923;53.00;b;;t;;2015-08-26;;;1046;f
23;2015-03-13;23;110.00;m;;t;;2015-03-13;;;1098;f
18;2015-03-06;18;150.00;m;;t;;2015-03-02;;;1100;f
15;2015-03-06;15;100.00;m;;t;;2015-03-06;;;1102;f
34;2015-03-30;34;130.00;m;;t;;2015-04-06;;;1174;f
11;2015-02-06;11;140.00;m;;t;;2015-02-06;;;1185;f
493;2015-07-21;873;53.00;b;;t;;2015-08-17;;;1262;f
230;2015-05-29;595;36.00;w;2015-10-02 03:40:35.673918+00;f;;2015-07-02;;;1157;f
162;2015-05-08;471;51.00;w;2015-09-30 03:32:54+00;f;;2015-05-19;"";"";978;f
41;2015-04-02;41;400.00;m;;t;;2015-04-02;;;;f
79;2015-04-02;229;100.00;m;;t;;2015-04-02;;;;f
139;2015-04-29;250;29.00;w;2015-07-12 07:00:00+00;f;;2015-05-14;;;;f
66;2015-03-26;205;120.00;m;2015-08-10 07:00:00+00;f;;2015-04-09;;;;f
78;2015-04-13;228;240.00;m;2015-08-14 07:00:00+00;f;;2015-05-05;;;;f
134;2015-04-29;170;72.00;m;2015-08-12 07:00:00+00;f;;2015-05-15;;;;f
96;2015-04-14;223;100.00;m;2015-08-12 07:00:00+00;f;;2015-04-22;;;;f
214;2015-05-27;614;33.00;b;2015-08-27 23:24:54.672033+00;f;;2015-06-08;;;;f
77;2015-04-13;227;95.00;m;;t;;2015-04-14;;;77;f
36;2015-03-10;36;240.00;m;;t;;2015-03-10;;;1368;f
155;2015-05-06;402;52.00;b;2015-08-16 14:14:08+00;f;;2015-05-20;"";"";;f
233;2015-05-29;96;40.00;w;;t;;2015-07-03;;;151;f
87;2015-04-09;55;101.00;m;;t;;2015-04-28;;;182;f
130;2015-04-27;504;58.00;m;;t;;2015-05-11;;;275;f
146;2015-04-30;580;101.00;m;;t;;2015-05-11;;;293;f
64;2015-04-03;202;138.00;m;;t;;2015-04-03;;;317;f
95;2015-04-14;383;118.00;m;;t;;2015-06-15;;;331;f
173;2015-05-11;499;32.00;w;;t;;2015-06-08;;;380;f
158;2015-05-07;233;38.00;w;;t;;2015-06-05;;;504;f
94;2015-04-13;94;114.00;m;;t;;2015-05-01;;;523;f
159;2015-05-07;327;32.00;w;;t;;2015-05-22;;;575;f
509;2015-07-25;2051;86.00;b;2015-07-25 07:00:00+00;f;;;"";"";;f
197;2015-05-21;273;39.00;w;;t;;2015-06-05;;;624;f
236;2015-05-29;1033;35.00;b;;t;;2015-06-10;;;636;f
237;2015-05-29;748;14.00;b;;t;;2015-06-18;;;640;f
90;2015-04-12;372;125.00;m;;t;;2015-04-23;;;813;f
81;2015-04-01;108;91.00;m;;t;;2015-04-17;;;919;f
132;2015-04-28;153;124.00;m;;t;;2015-05-15;;;928;f
223;2015-05-28;577;31.00;b;;t;;2015-07-15;;;929;f
117;2015-04-23;214;79.00;m;;t;;2015-05-01;;;933;f
38;2015-04-03;38;110.00;m;;t;;2015-04-03;;;937;f
52;2015-04-01;182;190.00;m;;t;;2015-04-01;;;941;f
145;2015-04-30;91;32.00;b;;t;;2015-05-19;;;942;f
33;2015-03-09;33;130.00;m;;t;;2015-03-09;;;948;f
151;2015-05-05;567;37.00;b;;t;;2015-05-20;;;954;f
120;2015-04-24;52;88.00;m;;t;;2015-05-12;;;956;f
27;2015-03-10;27;240.00;m;;t;;2015-03-10;;;959;f
70;2015-04-08;209;110.00;m;;t;;2015-04-08;;;960;f
53;2015-04-01;184;150.00;m;;t;;2015-04-01;;;961;f
88;2015-04-09;84;105.00;m;;t;;2015-04-20;;;966;f
122;2015-04-25;64;76.00;m;;t;;2015-05-12;;;975;f
157;2015-05-07;534;31.00;b;;t;;2015-05-19;;;976;f
176;2015-05-13;700;15.00;b;;t;;2015-06-03;;;979;f
98;2015-04-16;405;95.00;m;;t;;2015-04-20;;;980;f
107;2015-04-21;431;87.00;m;;t;;2015-05-08;;;989;f
73;2015-03-30;219;159.00;m;;t;;2015-04-07;;;990;f
184;2015-05-18;71;45.00;w;;t;;2015-06-08;;;992;f
239;2015-05-31;544;104.00;w;;t;;2015-06-19;;;1002;f
174;2015-05-12;462;29.00;b;;t;;2015-05-22;;;1004;f
60;2015-03-30;198;90.00;m;;t;;2015-04-03;;;1045;f
43;2015-03-24;43;60.00;m;;t;;2015-03-24;;;1052;f
40;2015-03-06;40;130.00;m;;t;;2015-03-06;;;1059;f
76;2015-03-31;226;90.00;m;;t;;2015-04-15;;;1070;f
45;2015-03-24;159;60.00;m;;t;;2015-03-24;;;1091;f
182;2015-05-18;76;41.00;b;;t;;2015-06-04;;;1095;f
82;2015-04-03;239;135.00;m;;t;;2015-04-13;;;1099;f
57;2015-04-03;190;80.00;m;;t;;2015-04-03;;;1103;f
56;2015-03-23;187;60.00;m;;t;;2015-03-23;;;1105;f
61;2015-05-01;199;70.00;m;;t;;2015-05-06;;;1108;f
58;2015-03-31;193;215.00;m;;t;;2015-03-31;;;1110;f
75;2015-03-31;225;153.00;m;;t;;2015-04-13;;;1111;f
128;2015-04-27;304;79.00;m;;t;;2015-05-11;;;1113;f
140;2015-04-29;399;29.00;b;;t;;2015-05-15;;;1114;f
84;2015-04-06;262;150.00;m;;t;;2015-05-06;;;1116;f
85;2015-04-08;330;552.00;m;;t;;2015-04-28;;;1117;f
114;2015-04-23;293;136.00;m;;t;;2015-05-15;;;1119;f
65;2015-03-25;203;120.00;m;;t;;2015-04-16;;;1120;f
89;2015-04-21;240;209.00;m;;t;;2015-04-21;;;1122;f
154;2015-05-06;442;53.00;b;;t;;2015-05-18;;;1127;f
104;2015-04-21;326;100.00;m;;t;;2015-05-11;;;1129;f
115;2015-04-23;272;119.00;m;;t;;2015-05-05;;;1131;f
232;2015-05-29;487;37.00;w;;t;;2015-06-17;;;1133;f
185;2015-05-18;457;50.00;w;;t;;2015-06-01;;;1138;f
105;2015-04-21;292;147.00;m;;t;;2015-05-01;;;1139;f
238;2015-05-29;651;29.00;b;;t;;2015-06-24;;;1144;f
196;2015-05-21;531;50.00;b;;t;;2015-05-18;;;1146;f
240;2015-05-31;641;43.00;b;;t;;2015-06-19;;;1150;f
241;2015-05-31;608;26.00;w;;t;;2015-06-10;;;1156;f
97;2015-04-14;387;130.00;m;;t;;2015-05-07;;;1162;f
168;2015-05-11;527;72.25;w;;t;;2015-06-05;;;1173;f
172;2015-05-11;506;27.00;b;;t;;2015-06-03;;;1180;f
102;2015-04-20;180;212.00;m;;t;;2015-05-12;;;1190;f
282;2015-06-10;1036;42.00;b;;t;;2015-06-10;;;1193;f
231;2015-05-29;1005;41.00;w;;t;;2015-06-09;;;1197;f
211;2015-05-25;656;52.00;b;;t;;2015-06-12;;;1206;f
86;2015-04-09;334;247.00;m;;t;;2015-04-23;;;1209;f
37;2015-03-13;37;160.00;m;;t;;2015-03-13;;;1233;f
39;2015-04-03;39;160.00;m;;t;;2015-04-03;;;1234;f
217;2015-05-27;610;29.00;b;;t;;2015-06-10;;;1240;f
108;2015-04-21;335;120.00;m;;t;;2015-04-24;;;1247;f
166;2015-05-08;475;25.00;b;;t;;2015-05-20;;;1248;f
92;2015-04-13;380;350.00;m;;t;;2015-04-21;;;1256;f
72;2015-04-03;217;160.00;m;;t;;2015-04-03;;;1257;f
62;2015-03-24;200;70.00;m;;t;;2015-03-24;;;1258;f
141;2015-04-29;267;45.00;b;;t;;2015-05-12;;;1265;f
106;2015-04-21;386;159.00;m;;t;;2015-04-28;;;1266;f
71;2015-03-29;216;160.00;m;;t;;2015-04-10;;;1267;f
210;2015-05-25;924;67.00;w;;t;;2015-06-12;;;1336;f
204;2015-05-22;536;66.00;b;;t;;2015-06-08;;;1343;f
152;2015-05-05;246;273.00;m;;t;;2015-05-18;;;1346;f
68;2015-04-06;207;100.00;m;;t;;2015-04-07;;;1355;f
187;2015-05-18;439;49.00;w;;t;;2015-06-04;;;1356;f
110;2015-04-21;432;42.00;b;;t;;2015-05-06;"";"";1362;f
148;2015-04-30;583;40.00;b;;t;;2015-05-12;;;1371;f
150;2015-05-04;371;26.00;w;;t;;2015-05-19;;;1374;f
220;2015-05-28;613;35.00;b;;t;;2015-07-10;;;1390;f
112;2015-04-23;258;90.00;m;;t;;2015-05-05;;;1392;f
127;2015-04-27;359;38.00;b;;t;;2015-05-15;;;1393;f
137;2015-04-29;70;30.00;b;;t;;2015-05-12;;;1394;f
170;2015-05-11;512;35.00;w;;t;;2015-06-01;;;1395;f
394;2015-06-30;918;40.00;b;2015-10-01 01:56:05+00;f;;2015-07-24;"";"";1189;f
296;2015-06-26;708;34.00;b;;t;;;"";"";593;f
794;2015-10-02;3289;55.00;b;;t;;;;;3197;f
796;2015-10-03;3646;34.00;b;;t;;;;;3159;f
378;2015-07-01;1836;38.00;w;2015-09-26 18:20:56+00;f;;2015-07-23;"";"";1236;f
286;2015-06-10;1404;29.00;w;2015-07-17 07:00:00+00;f;;2015-06-23;;;;f
366;2015-06-26;671;38.00;w;2015-07-31 07:00:00+00;f;;2015-07-14;;;;f
401;2015-07-01;500;45.00;w;2015-07-17 07:00:00+00;f;;2015-07-15;;;;f
271;2015-06-08;82;35.00;b;2015-07-21 07:00:00+00;f;;2015-06-26;;;;f
328;2015-06-22;1595;64.00;b;2015-08-03 07:00:00+00;f;;2015-06-30;;;;f
267;2015-06-04;630;38.00;w;2015-08-05 07:00:00+00;f;;2015-06-18;;;;f
278;2015-06-08;1396;35.00;w;2015-06-23 07:00:00+00;f;;2015-06-24;;;;f
343;2015-06-23;1467;29.00;b;;t;;2015-07-16;;;44;f
445;2015-07-10;1883;41.00;b;;t;;2015-07-31;;;1369;f
375;2015-06-27;1366;29.00;b;;t;;2015-07-20;;;740;f
300;2015-07-23;1133;60.00;w;;t;;2015-07-01;;;1245;f
326;2015-06-19;1461;31.00;b;2015-09-05 14:25:43.002418+00;f;;2015-07-13;;;;f
253;2015-06-02;710;32.00;b;;t;;2015-06-10;;;1232;f
312;2015-06-17;480;58.00;b;;t;;2015-06-26;;;1279;f
397;2015-07-01;762;41.00;b;2015-08-30 13:32:12+00;f;;2015-07-17;"";"";;f
265;2015-06-04;844;55.00;b;2015-09-11 16:58:54+00;f;;2015-06-25;"";"";;f
342;2015-06-23;1204;38.00;b;2015-08-06 18:58:07+00;f;;2015-07-10;"";"";;f
332;2015-06-21;1650;34.00;b;;t;;2015-07-03;;;76;f
348;2015-06-23;909;50.00;w;;t;;2015-07-08;;;114;f
331;2015-06-22;1639;33.00;b;;t;;2015-07-09;;;187;f
362;2015-06-26;1283;35.00;b;;t;;2015-07-14;;;311;f
346;2015-06-23;1685;32.00;b;;t;;2015-07-15;;;395;f
329;2015-06-20;1513;29.00;b;;t;;2015-07-08;;;411;f
357;2015-06-25;585;106.00;b;;t;;2015-07-03;;;566;f
263;2015-06-04;754;35.00;w;;t;;2015-06-16;;;597;f
355;2015-06-25;1494;32.00;w;;t;;2015-07-03;;;671;f
365;2015-06-26;822;46.00;w;;t;;2015-07-02;;;685;f
307;2015-06-16;1476;39.00;b;;t;;2015-07-09;;;686;f
373;2015-06-27;546;28.00;b;;t;;2015-07-13;;;709;f
336;2015-06-22;1598;32.00;b;;t;;2015-07-28;;;751;f
380;2015-06-27;1687;29.00;b;;t;;2015-07-21;;;757;f
358;2015-06-25;959;61.00;w;;t;;2015-07-08;;;842;f
367;2015-06-26;1097;35.00;w;;t;;2015-07-21;;;886;f
382;2015-06-28;1815;37.00;w;;t;;2015-07-16;;;908;f
359;2015-06-25;1614;35.00;w;;t;;2015-07-17;;;910;f
252;2015-06-02;551;255.00;m;;t;;2015-07-02;;;912;f
388;2015-06-29;657;50.00;b;;t;;2015-07-21;;;913;f
325;2015-06-19;885;53.00;b;;t;;2015-07-13;;;915;f
344;2015-06-23;817;54.00;b;;t;;2015-06-30;;;916;f
376;2015-06-27;1496;42.00;b;;t;;2015-07-16;;;932;f
281;2015-06-09;604;48.00;b;;t;;2015-07-06;;;935;f
398;2015-07-01;1731;38.00;b;;t;;2015-07-13;;;936;f
387;2015-06-29;1023;51.00;w;;t;;2015-07-23;;;939;f
370;2015-06-27;1677;31.00;b;;t;;2015-08-05;;;944;f
259;2015-06-04;993;35.00;b;;t;;2015-06-25;;;952;f
404;2015-06-27;1633;37.00;b;;t;;2015-07-13;;;973;f
243;2015-05-31;713;32.00;w;;t;;2015-06-18;;;983;f
391;2015-06-30;1828;32.00;w;;t;;2015-07-14;;;988;f
393;2015-06-30;960;80.00;b;;t;;2015-07-24;;;991;f
273;2015-06-08;592;55.00;b;;t;;2015-06-22;;;998;f
371;2015-06-26;1000;38.00;b;;t;;2015-08-03;;;1005;f
350;2015-06-25;1739;58.00;b;;t;;2015-07-23;;;1007;f
386;2015-07-01;737;38.00;b;;t;;2015-07-24;;;1055;f
268;2015-06-05;295;29.00;b;;t;;2015-06-26;;;1068;f
339;2015-06-19;780;31.00;b;;t;;2015-07-08;;;1109;f
275;2015-06-08;319;34.00;w;;t;;2015-06-24;;;1123;f
255;2015-07-01;615;29.00;b;;t;;2015-06-19;;;1152;f
299;2015-06-15;701;29.00;b;;t;;2015-07-13;;;1155;f
249;2015-06-02;712;210.00;w;;t;;2015-06-15;;;1160;f
277;2015-06-08;601;50.00;b;;t;;2015-06-23;;;1164;f
250;2015-06-02;548;34.00;w;;t;;2015-06-15;;;1166;f
289;2015-06-10;745;41.00;w;;t;;2015-06-26;;;1169;f
315;2015-06-18;588;29.00;b;;t;;2015-07-10;;;1171;f
351;2015-06-25;1001;28.00;w;;t;;2015-07-03;;;1175;f
320;2015-06-18;916;26.00;b;;t;;2015-07-06;;;1176;f
321;2015-06-18;851;47.00;b;;t;;2015-07-09;;;1178;f
280;2015-06-09;970;27.00;b;;t;;2015-06-23;;;1181;f
293;2015-06-11;768;55.00;b;;t;;2015-06-15;;;1183;f
369;2015-06-26;1012;29.00;b;;t;;2015-07-22;;;1188;f
305;2015-06-16;892;75.00;b;;t;;2015-07-02;;;1191;f
435;2015-07-07;2070;43.00;b;;t;;2015-07-13;;;1198;f
290;2015-06-10;1330;33.00;b;;t;;2015-06-23;;;1205;f
274;2015-06-08;741;47.00;w;;t;;2015-06-23;;;1208;f
298;2015-06-15;1414;38.00;b;;t;;2015-06-30;;;1210;f
306;2015-06-16;980;47.00;w;;t;;2015-06-29;;;1213;f
283;2015-06-10;637;36.00;w;;t;;2015-06-19;;;1218;f
276;2015-06-08;1201;32.00;b;;t;;2015-07-02;;;1220;f
347;2015-06-23;775;25.00;w;;t;;2015-07-10;;;1222;f
379;2015-06-27;1020;41.00;b;;t;;2015-07-15;;;1223;f
248;2015-06-02;549;36.00;b;;t;;2015-06-17;;;1224;f
364;2015-07-01;1680;29.00;b;;t;;2015-07-20;;;1225;f
288;2015-06-10;881;33.00;b;;t;;2015-06-18;;;1228;f
323;2015-06-19;600;67.00;b;;t;;2015-08-04;;;1231;f
390;2015-06-30;1921;110.00;m;;t;;2015-07-23;;;1237;f
311;2015-07-01;852;28.00;w;;t;;2015-07-02;;;1239;f
389;2015-06-30;986;40.00;w;;t;;2015-07-16;;;1241;f
292;2015-06-11;990;26.00;w;;t;;2015-06-30;;;1242;f
316;2015-06-18;826;24.00;w;;t;;2015-07-08;;;1254;f
245;2015-06-01;917;14.00;w;;t;;2015-06-11;;;1255;f
402;2015-09-21;1600;70.00;w;;t;;2015-07-15;;;1275;f
352;2015-06-25;848;25.00;w;;t;;2015-06-29;;;1316;f
341;2015-06-22;915;36.00;b;;t;;2015-06-29;;;1318;f
333;2015-06-22;1637;36.00;b;;t;;2015-06-29;;;1319;f
327;2015-06-19;409;26.00;w;;t;;2015-06-30;;;1321;f
313;2015-08-17;1196;35.00;b;;t;;2015-07-01;;;1322;f
330;2015-06-21;1638;27.00;w;;t;;2015-07-07;;;1323;f
340;2015-06-22;825;40.00;w;;t;;2015-07-08;;;1324;f
349;2015-06-24;1552;29.00;b;;t;;2015-07-28;;;1325;f
324;2015-07-01;1575;29.00;b;;t;;2015-07-08;;;1331;f
334;2015-06-22;1519;38.00;w;;t;;2015-07-09;;;1333;f
254;2015-06-02;642;29.00;b;;t;;2015-07-13;;;1339;f
374;2015-07-01;973;35.00;w;;t;;2015-07-15;;;1344;f
381;2015-06-28;1073;29.00;b;;t;;2015-07-15;;;1345;f
368;2015-06-26;971;29.00;b;;t;;2015-07-16;;;1350;f
745;2015-09-21;714;36.00;b;;t;;2015-10-13;;;235;f
444;2015-07-10;2071;29.00;b;2015-08-12 22:37:16.665909+00;f;;2015-07-27;;;;f
458;2015-07-12;2036;35.00;b;;t;;2015-07-29;;;917;f
285;2015-06-10;324;71.00;b;2015-08-19 22:33:15.630083+00;f;;2015-06-19;;;;f
471;2015-09-21;1559;34.00;w;;t;;2015-07-31;;;1020;f
661;2015-08-30;2686;24.00;w;;t;;;;;855;f
489;2015-07-17;1051;36.00;w;2015-07-29 07:00:00+00;f;;2015-08-05;;;;f
474;2015-07-15;1223;34.00;w;2015-07-20 07:00:00+00;f;;2015-07-27;;;;f
126;2015-04-27;157;213.00;m;2015-08-10 07:00:00+00;f;;2015-06-05;;;;f
523;2015-07-29;2476;27.00;w;;t;;2015-08-20;;;461;f
475;2015-07-15;865;50.00;b;;t;;2015-07-27;;;1251;f
459;2015-07-13;2130;29.00;b;;t;;2015-07-28;;;1338;f
450;2015-08-01;1449;29.00;b;2015-09-05 15:38:54.611751+00;f;;2015-07-27;;;;f
442;2015-07-09;2013;34.00;b;;t;;2015-07-21;;;1017;f
677;2015-08-31;1735;36.00;b;;t;;;;;210;f
605;2015-08-18;1462;39.00;b;;t;;2015-09-15;;;1337;f
515;2015-07-28;1995;30.00;b;;t;;2015-09-23;;;1087;f
421;2015-07-06;2004;29.00;b;;t;;2015-07-13;;;1026;f
517;2015-07-28;2479;34.00;b;;t;;2015-08-25;;;289;f
667;2015-08-31;2079;24.00;w;;t;;2015-10-05;;;10;f
443;2015-07-09;1532;29.00;b;;t;;2015-07-21;;;1065;f
399;2015-07-01;1631;29.00;b;;t;;2015-07-15;;;1306;f
452;2015-07-11;1919;29.00;b;;t;;2015-07-31;;;1073;f
468;2015-07-13;1988;29.00;b;;t;;2015-08-19;;;1148;f
490;2015-07-21;2183;60.00;b;;t;;2015-08-07;;;1399;f
519;2015-07-28;2225;34.00;b;2015-09-15 16:30:07.498527+00;f;;2015-08-25;;;;f
698;2015-09-05;3319;34.00;b;;t;;2015-09-24;;;78;f
466;2015-07-13;876;86.00;b;;t;;2015-08-07;;;352;f
642;2015-08-26;2777;36.00;w;;t;;2015-09-10;;;1022;f
407;2015-07-03;1767;59.00;b;;t;;2015-07-22;;;1358;f
692;2015-09-02;1407;45.00;b;;t;;;;;836;f
478;2015-07-16;1756;48.00;w;;t;;2015-07-28;;;824;f
638;2015-08-26;3037;50.00;b;;t;;2015-10-06;;;328;f
502;2015-07-23;1169;60.00;b;;t;;2015-08-13;;;946;f
705;2015-09-08;3153;44.00;b;2015-09-28 23:58:14.811163+00;f;;2015-09-28;;;;f
492;2015-07-21;2008;29.00;b;2015-08-11 20:09:39+00;f;;2015-08-12;"";"";;f
687;2015-09-01;3019;34.00;b;;t;;;;;215;f
457;2015-07-11;1344;53.00;b;;t;;2015-07-28;;;266;f
672;2015-08-31;2844;34.00;b;;t;;2015-09-14;;;280;f
702;2015-09-08;3411;34.00;b;;t;;2015-09-30;"";"";302;f
470;2015-07-14;1167;27.00;w;;t;;2015-07-30;;;362;f
429;2015-07-08;1011;34.00;b;;t;;2015-07-24;;;426;f
405;2015-08-08;1690;53.00;b;;t;;2015-07-22;;;445;f
481;2015-07-18;1425;33.00;w;;t;;2015-08-03;;;457;f
487;2015-07-20;2037;29.00;w;;t;;2015-08-04;;;470;f
491;2015-07-21;2163;34.00;b;;t;;2015-08-18;;;476;f
628;2015-08-24;1804;34.00;w;;t;;;;;787;f
400;2015-08-01;1395;30.00;b;;t;;2015-07-15;;;788;f
709;2015-09-09;3183;34.00;b;;t;;2015-10-01;;;821;f
272;2015-06-08;735;50.00;b;;t;;2015-06-22;"";"";834;f
651;2015-08-28;1741;37.00;w;;t;;;;;847;f
408;2015-08-11;1899;44.00;b;;t;;2015-07-22;;;849;f
613;2015-08-20;1778;52.00;b;;t;;;;;879;f
441;2015-07-09;1135;47.00;b;;t;;2015-07-27;;;889;f
439;2015-07-08;867;58.00;b;;t;;2015-07-17;;;890;f
483;2015-07-19;1968;35.00;b;;t;;2015-08-11;;;891;f
447;2015-07-10;1997;32.00;w;;t;;2015-07-21;;;897;f
425;2015-07-06;994;39.00;w;;t;;2015-07-24;;;902;f
424;2015-07-06;1763;33.00;b;;t;;2015-07-16;;;907;f
410;2015-08-19;1904;43.00;w;;t;;2015-07-24;;;914;f
524;2015-07-29;1648;24.00;w;;t;;2015-08-19;;;921;f
494;2015-07-22;1253;108.00;w;;t;;2015-08-27;;;925;f
436;2015-07-08;1962;29.00;b;;t;;2015-07-29;;;926;f
449;2015-07-10;2020;55.00;b;;t;;2015-07-24;;;930;f
448;2015-07-10;1277;43.00;w;;t;;2015-07-23;;;938;f
498;2015-07-23;2401;34.00;b;;t;;2015-08-12;"";"";945;f
462;2015-07-13;1911;29.00;b;;t;;2015-07-29;;;963;f
480;2015-07-16;1327;44.00;w;;t;;2015-07-30;;;964;f
422;2015-07-06;944;44.00;w;;t;;2015-08-05;;;967;f
504;2015-07-23;2205;34.00;b;;t;;2015-08-07;;;968;f
501;2015-07-23;1738;36.00;b;;t;;2015-08-12;;;970;f
413;2015-07-03;1879;29.00;w;;t;;2015-07-20;;;977;f
395;2015-07-01;1095;26.00;w;;t;;2015-08-03;;;993;f
438;2015-08-01;578;32.00;b;;t;;2015-08-14;;;994;f
529;2015-07-30;2498;34.00;b;;t;;2015-08-17;;;996;f
460;2015-07-13;2135;36.00;w;;t;;2015-07-27;;;999;f
618;2015-08-21;1068;42.00;w;;t;;2015-09-08;;;1000;f
464;2015-07-13;1954;40.00;b;;t;;2015-07-28;;;1027;f
472;2015-07-30;2108;48.00;w;;t;;2015-07-31;;;1028;f
527;2015-07-29;1171;97.00;b;;t;;2015-08-17;;;1029;f
446;2015-07-10;1956;35.00;b;;t;;2015-07-22;;;1053;f
417;2015-07-05;1852;29.00;w;;t;;2015-07-22;;;1054;f
420;2015-07-06;1981;34.00;b;;t;;2015-07-13;;;1061;f
695;2015-09-03;2842;34.00;b;;t;;2015-09-21;;;1064;f
682;2015-09-01;2294;64.00;w;;t;;2015-09-15;;;1072;f
463;2015-07-13;2126;29.00;b;;t;;2015-08-03;;;1075;f
486;2015-07-20;2323;34.00;b;;t;;2015-08-24;;;1077;f
409;2015-07-04;1031;60.00;w;;t;;2015-07-15;;;1186;f
412;2015-07-03;901;44.00;b;;t;;2015-07-22;;;1187;f
431;2015-07-07;1139;34.00;w;;t;;2015-07-21;;;1207;f
465;2015-07-13;1156;38.00;w;;t;;2015-07-27;;;1214;f
453;2015-07-11;1355;59.00;w;;t;;2015-07-22;;;1221;f
497;2015-07-22;827;35.00;b;;t;;2015-08-03;;;1259;f
526;2015-07-29;2442;40.00;b;;t;;2015-08-10;;;1261;f
522;2015-07-28;2494;34.00;b;;t;;2015-08-20;;;1280;f
633;2015-08-25;1441;41.00;b;;t;;;;;1288;f
666;2015-08-31;1582;37.00;b;;t;;2015-09-16;;;1295;f
428;2015-07-07;1544;31.00;b;;t;;2015-07-23;;;1312;f
623;2015-08-23;2228;34.00;b;;t;;2015-09-15;;;1328;f
461;2015-07-13;2124;37.00;w;;t;;2015-07-27;;;1342;f
437;2015-09-21;1952;35.00;w;;t;;2015-07-17;;;1353;f
451;2015-07-11;1616;37.50;w;;t;;2015-07-23;;;1360;f
454;2015-07-11;1162;43.00;b;;t;;2015-07-27;;;1363;f
467;2015-07-13;1699;28.00;w;;t;;2015-07-30;;;1367;f
477;2015-07-16;1216;37.00;w;;t;;2015-07-27;;;1372;f
485;2015-07-20;1022;43.00;b;;t;;2015-08-11;;;1375;f
510;2015-07-26;418;58.00;b;;t;;2015-08-12;;;1377;f
415;2015-07-04;1686;32.00;b;;t;;2015-07-15;;;1389;f
656;2015-08-29;3092;34.00;b;;t;;2015-09-21;;;1391;f
377;2015-09-27;1722;36.00;b;;t;;2015-07-17;;;1354;f
133;2015-04-28;288;70.00;m;;t;;2015-05-11;;;1357;f
476;2015-07-25;884;51.00;b;;t;;2015-08-03;;;1370;f
627;2015-08-24;1658;50.00;b;;t;;2015-09-01;;;1376;f
506;2015-07-24;1125;34.00;b;;t;;2015-08-26;;;1386;f
797;2015-10-03;3386;92.00;b;;t;;;;;341;f
269;2015-06-05;1265;33.00;b;2015-07-01 21:22:13+00;f;;2015-07-09;"";"";174;f
798;2015-10-05;3410;48.00;b;;t;;;;;315;f
512;2015-07-27;2469;35.00;w;;t;;2015-08-18;"";"";1383;f
338;2015-06-22;1618;35.00;b;;t;;2015-07-07;"";"";1359;f
753;2015-09-23;3796;34.00;b;;t;;2015-10-13;;;267;f
612;2015-09-13;1772;41.00;b;;t;;2015-10-13;;;1285;f
799;2015-10-06;3408;45.00;b;;t;;;;;339;f
800;2015-10-06;3914;76.00;b;;t;;;;;3332;f
426;2015-07-07;1856;61.00;w;;t;;2015-10-06;"";"";1019;f
